id,english_sentence,category,sentence_type,word_count,length_band,gsl_gloss_1,gsl_gloss_2,gsl_gloss_3,consensus_gloss,annotator_notes,flag_missing_sign
GH0001,Take the road behind the filling station.,Directions & Places,request_or_command,7,medium,,,,,,
GH0002,Turn on the subtitles.,Phone & Technology,request_or_command,4,short,,,,,,
GH0003,The meeting is closed.,"Church, Mosque & Community",statement,4,short,,,,,,
GH0004,Please take the minutes.,"Church, Mosque & Community",request_or_command,4,short,,,,,,
GH0005,I did not understand you.,Deaf Identity & Communication,statement,5,short,,,,,,
GH0006,It is cold this morning.,Weather & Environment,statement,5,short,,,,,,
GH0007,Do you still keep in touch with your old classmates?,Introductions & Small Talk,question,10,medium,,,,,,
GH0008,"I am lost in this area, so please send me the location on WhatsApp.",Directions & Places,statement,14,long,,,,,,
GH0009,Please count the money carefully before you leave the counter at the bank.,Money & Mobile Money,request_or_command,13,long,,,,,,
GH0010,I am busy on Sunday.,Time & Plans,statement,5,short,,,,,,
GH0011,My phone vibrates when someone calls.,Deaf Identity & Communication,statement,6,medium,,,,,,
GH0012,My grandmother lives in the village.,Family & Home,statement,6,medium,,,,,,
GH0013,My night was peaceful.,Greetings & Farewells,statement,4,short,,,,,,
GH0014,Come and see me when you are free.,Requests & Everyday Actions,request_or_command,8,medium,,,,,,
GH0015,Please wake me up when we reach the station.,Transport & Travel,request_or_command,9,medium,,,,,,
GH0016,What kind of work does your father do?,Introductions & Small Talk,question,8,medium,,,,,,
GH0017,Do not throw rubbish in the gutter.,Weather & Environment,request_or_command,7,medium,,,,,,
GH0018,Go outside and wait.,Directions & Places,request_or_command,4,short,,,,,,
GH0019,The station is behind that big blue building.,Transport & Travel,statement,8,medium,,,,,,
GH0020,Has the meeting been postponed again?,"Church, Mosque & Community",question,6,medium,,,,,,
GH0021,Tell them I am coming.,Family & Home,request_or_command,5,short,,,,,,
GH0022,When will the work be ready?,Work & Business,question,6,medium,,,,,,
GH0023,Let us video call in the evening when I am home.,Phone & Technology,request_or_command,11,long,,,,,,
GH0024,My stomach is full.,Food & Eating,statement,4,short,,,,,,
GH0025,We have missed you here.,Greetings & Farewells,statement,5,short,,,,,,
GH0026,I am selling here every day.,Market & Shopping,statement,6,medium,,,,,,
GH0027,"If the room is dark, I cannot follow the conversation at all.",Deaf Identity & Communication,statement,12,long,,,,,,
GH0028,Is your phone charged?,Phone & Technology,question,4,short,,,,,,
GH0029,Do not do that.,Requests & Everyday Actions,request_or_command,4,short,,,,,,
GH0030,I am sorry for what I said yesterday.,Feelings & Opinions,statement,8,medium,,,,,,
GH0031,My boss is a good person.,Work & Business,statement,6,medium,,,,,,
GH0032,I completed senior high school.,School & Education,statement,5,short,,,,,,
GH0033,Our house has a green gate and a mango tree.,Directions & Places,statement,10,medium,,,,,,
GH0034,Take an umbrella with you.,Weather & Environment,request_or_command,5,short,,,,,,
GH0035,"The harmattan is very strong this year, so remember to use cream on your skin.",Weather & Environment,statement,15,long,,,,,,
GH0036,It is about ten minutes walk from here.,Directions & Places,statement,8,medium,,,,,,
GH0037,Deaf students learn better when their teachers can sign clearly and patiently.,School & Education,statement,12,long,,,,,,
GH0038,Are the deaf members from the other region also coming for the celebration?,"Church, Mosque & Community",question,13,long,,,,,,
GH0039,There is a wedding next month.,"Church, Mosque & Community",statement,6,medium,,,,,,
GH0040,Are you free tomorrow?,Time & Plans,question,4,short,,,,,,
GH0041,Please accept my condolences on the death of your father.,"Church, Mosque & Community",request_or_command,10,medium,,,,,,
GH0042,The shop opens at eight.,Market & Shopping,statement,5,short,,,,,,
GH0043,"Hurry, time is going.",Time & Plans,request_or_command,4,short,,,,,,
GH0044,I have sent the money.,Money & Mobile Money,statement,5,short,,,,,,
GH0045,I learned tailoring from my master for three years before I opened my own shop.,Work & Business,statement,15,long,,,,,,
GH0046,"When you reach home tonight, send me a message so I know you are safe.",Greetings & Farewells,statement,15,long,,,,,,
GH0047,My sign name is this.,Introductions & Small Talk,statement,5,short,,,,,,
GH0048,Did they call you after the interview?,Work & Business,question,7,medium,,,,,,
GH0049,Where exactly are you standing now?,Directions & Places,question,6,medium,,,,,,
GH0050,My phone is off.,Phone & Technology,statement,4,short,,,,,,
GH0051,"When you post something important, please add captions so that deaf people can follow.",Phone & Technology,statement,14,long,,,,,,
GH0052,The customer is happy with the work.,Work & Business,statement,7,medium,,,,,,
GH0053,Business has been slow since the beginning of the year.,Work & Business,statement,10,medium,,,,,,
GH0054,Can you reduce the price small?,Market & Shopping,question,6,medium,,,,,,
GH0055,I am dizzy.,Health & Hospital,statement,3,short,,,,,,
GH0056,Follow me on TikTok.,Phone & Technology,request_or_command,4,short,,,,,,
GH0057,Deaf people can do any job as long as they are given the training and the chance.,Work & Business,statement,17,long,,,,,,
GH0058,Do you have your licence?,Transport & Travel,question,5,short,,,,,,
GH0059,The ticket is sold out.,Transport & Travel,statement,5,short,,,,,,
GH0060,"If anybody comes looking for me, tell them that I will be back at four.",Requests & Everyday Actions,statement,15,long,,,,,,
GH0061,Next month I will travel to the north.,Time & Plans,statement,8,medium,,,,,,
GH0062,I want to start my own business.,Work & Business,statement,7,medium,,,,,,
GH0063,Pull the door.,Requests & Everyday Actions,request_or_command,3,short,,,,,,
GH0064,I will travel to the village next month and stay there for two weeks.,Time & Plans,statement,14,long,,,,,,
GH0065,Tell them I cannot hear.,Deaf Identity & Communication,request_or_command,5,short,,,,,,
GH0066,The sun is too hot to walk outside now.,Weather & Environment,statement,9,medium,,,,,,
GH0067,They took my blood for testing.,Health & Hospital,statement,6,medium,,,,,,
GH0068,My brother is also deaf.,Deaf Identity & Communication,statement,5,short,,,,,,
GH0069,Video call me so we can sign.,Deaf Identity & Communication,statement,7,medium,,,,,,
GH0070,"If you want the work done quickly, you must pay half of the money first.",Work & Business,statement,15,long,,,,,,
GH0071,Please send it by mobile money.,Money & Mobile Money,request_or_command,6,medium,,,,,,
GH0072,"Look at me, not at the interpreter.",Deaf Identity & Communication,request_or_command,7,medium,,,,,,
GH0073,That was very kind of you.,Feelings & Opinions,statement,6,medium,,,,,,
GH0074,The programme starts at nine in the morning.,Time & Plans,statement,8,medium,,,,,,
GH0075,Let us meet in the evening.,Time & Plans,request_or_command,6,medium,,,,,,
GH0076,Can I use your hotspot?,Phone & Technology,question,5,short,,,,,,
GH0077,Do you not think it is unfair that deaf people are always left out?,Feelings & Opinions,question,14,long,,,,,,
GH0078,"The fish she sold me yesterday was not fresh, so I threw it away.",Food & Eating,statement,14,long,,,,,,
GH0079,I was paid today.,Money & Mobile Money,statement,4,short,,,,,,
GH0080,Wash your hands before eating.,Food & Eating,request_or_command,5,short,,,,,,
GH0081,Please help me carry this bag to the car.,Requests & Everyday Actions,request_or_command,9,medium,,,,,,
GH0082,The customer wants the dress before Saturday.,Work & Business,statement,7,medium,,,,,,
GH0083,"If you are patient with people, they will also be patient with you.",Feelings & Opinions,statement,13,long,,,,,,
GH0084,Are you happy?,Feelings & Opinions,question,3,short,,,,,,
GH0085,How did you perform in the last test?,School & Education,question,8,medium,,,,,,
GH0086,The service is long today.,"Church, Mosque & Community",statement,5,short,,,,,,
GH0087,Are you working now?,Work & Business,question,4,short,,,,,,
GH0088,Cook the rice while I prepare the stew.,Food & Eating,request_or_command,8,medium,,,,,,
GH0089,"Take your umbrella, the sky is getting dark.",Weather & Environment,request_or_command,8,medium,,,,,,
GH0090,Deaf patients often miss important information because nobody explains it to them properly.,Health & Hospital,statement,13,long,,,,,,
GH0091,"If the price is too high, I will go to another shop and check there.",Market & Shopping,statement,15,long,,,,,,
GH0092,The car has a flat tyre.,Transport & Travel,statement,6,medium,,,,,,
GH0093,Our cousin is getting married.,Family & Home,statement,5,short,,,,,,
GH0094,My hearing aid does not help me very much.,Deaf Identity & Communication,statement,9,medium,,,,,,
GH0095,It is not fair that deaf people are left out of important meetings.,Feelings & Opinions,statement,13,long,,,,,,
GH0096,Do not play near the fire.,Family & Home,request_or_command,6,medium,,,,,,
GH0097,The waakye at that junction is very nice.,Food & Eating,statement,8,medium,,,,,,
GH0098,Do not be late.,Time & Plans,request_or_command,4,short,,,,,,
GH0099,Did you sweep the room?,Family & Home,question,5,short,,,,,,
GH0100,Buy the ticket first.,Transport & Travel,request_or_command,4,short,,,,,,
GH0101,"Did you understand everything the pastor said, or was the interpreter signing too fast?",Deaf Identity & Communication,question,14,long,,,,,,
GH0102,The food is ready.,Family & Home,statement,4,short,,,,,,
GH0103,Are you free on Saturday to meet me?,Time & Plans,question,8,medium,,,,,,
GH0104,"If you cannot find the place, call me on video and I will direct you.",Directions & Places,statement,15,long,,,,,,
GH0105,We have been waiting for you for one hour.,Time & Plans,statement,9,medium,,,,,,
GH0106,This soup is too peppery.,Food & Eating,statement,5,short,,,,,,
GH0107,Business is going well.,Work & Business,statement,4,short,,,,,,
GH0108,Hold this for me while I open the door.,Requests & Everyday Actions,request_or_command,9,medium,,,,,,
GH0109,Are you on WhatsApp?,Introductions & Small Talk,question,4,short,,,,,,
GH0110,Please remind me about the meeting tomorrow.,Requests & Everyday Actions,request_or_command,7,medium,,,,,,
GH0111,"Thank you, madam.",Market & Shopping,statement,3,short,,,,,,
GH0112,Buy two sachets of water for me.,Food & Eating,request_or_command,7,medium,,,,,,
GH0113,I am excited about the trip next month.,Feelings & Opinions,statement,8,medium,,,,,,
GH0114,Do you think the hospital will provide an interpreter if we ask them in advance?,Deaf Identity & Communication,question,15,long,,,,,,
GH0115,I know her very well.,Introductions & Small Talk,statement,5,short,,,,,,
GH0116,"He is bleeding, help him.",Health & Hospital,statement,5,short,,,,,,
GH0117,He has recovered.,Health & Hospital,statement,3,short,,,,,,
GH0118,Should we postpone it to next week?,Time & Plans,question,7,medium,,,,,,
GH0119,Please wake me when we reach.,Transport & Travel,request_or_command,6,medium,,,,,,
GH0120,Let us take a taxi.,Transport & Travel,request_or_command,5,short,,,,,,
GH0121,"I think I have malaria, my body is hot.",Health & Hospital,statement,9,medium,,,,,,
GH0122,Do you want more?,Food & Eating,question,4,short,,,,,,
GH0123,I need an interpreter at the hospital.,Health & Hospital,statement,7,medium,,,,,,
GH0124,The wind is strong.,Weather & Environment,statement,4,short,,,,,,
GH0125,Let us go.,Requests & Everyday Actions,request_or_command,3,short,,,,,,
GH0126,"Good morning, I hope you slept well last night.",Greetings & Farewells,statement,9,medium,,,,,,
GH0127,Have they paid your salary yet?,Money & Mobile Money,question,6,medium,,,,,,
GH0128,I waited from morning until afternoon at the clinic.,Health & Hospital,statement,9,medium,,,,,,
GH0129,I will finish the work by tomorrow evening.,Work & Business,statement,8,medium,,,,,,
GH0130,Will you wait for me?,Requests & Everyday Actions,question,5,short,,,,,,
GH0131,My insurance has expired.,Health & Hospital,statement,4,short,,,,,,
GH0132,He is the man who taught sign language at our school for many years.,Introductions & Small Talk,statement,14,long,,,,,,
GH0133,I forgot.,Requests & Everyday Actions,statement,2,short,,,,,,
GH0134,Who finished all the stew in the pot?,Food & Eating,question,8,medium,,,,,,
GH0135,Please fingerspell your name.,Introductions & Small Talk,request_or_command,4,short,,,,,,
GH0136,I have missed you.,Greetings & Farewells,statement,4,short,,,,,,
GH0137,The transaction failed.,Money & Mobile Money,statement,3,short,,,,,,
GH0138,What do you usually eat in the morning?,Food & Eating,question,8,medium,,,,,,
GH0139,"Good night, sleep well.",Greetings & Farewells,statement,4,short,,,,,,
GH0140,I miss you.,Feelings & Opinions,statement,3,short,,,,,,
GH0141,"Show me how to do it again, please.",Requests & Everyday Actions,request_or_command,8,medium,,,,,,
GH0142,It is going to rain.,Weather & Environment,statement,5,short,,,,,,
GH0143,We need an interpreter for the sermon.,"Church, Mosque & Community",statement,7,medium,,,,,,
GH0144,There are few deaf teachers in this country.,Deaf Identity & Communication,statement,8,medium,,,,,,
GH0145,The shoe seller is over there.,Market & Shopping,statement,6,medium,,,,,,
GH0146,"If you sign too fast, I will miss the important part of what you are saying.",Deaf Identity & Communication,statement,16,long,,,,,,
GH0147,What is paining you?,Health & Hospital,question,4,short,,,,,,
GH0148,We waited at the station for two hours before the car was finally full.,Transport & Travel,statement,14,long,,,,,,
GH0149,Please save my number.,Introductions & Small Talk,request_or_command,4,short,,,,,,
GH0150,Where is the teacher?,School & Education,question,4,short,,,,,,
GH0151,Please keep the shoes for me until Friday when I receive my salary.,Market & Shopping,request_or_command,13,long,,,,,,
GH0152,When are we travelling to the village?,Family & Home,question,7,medium,,,,,,
GH0153,"The food is ready, come and wash your hands.",Food & Eating,statement,9,medium,,,,,,
GH0154,I want a bigger one.,Market & Shopping,statement,5,short,,,,,,
GH0155,I have an appointment tomorrow.,Health & Hospital,statement,5,short,,,,,,
GH0156,Let us go to the market together.,Market & Shopping,request_or_command,7,medium,,,,,,
GH0157,I have only fifty cedis.,Market & Shopping,statement,5,short,,,,,,
GH0158,Please inform all the members that the meeting has been moved to the following week.,"Church, Mosque & Community",request_or_command,15,long,,,,,,
GH0159,"The light is behind you, I cannot see your hands.",Deaf Identity & Communication,statement,10,medium,,,,,,
GH0160,It is getting late.,Time & Plans,statement,4,short,,,,,,
GH0161,I am shy.,Feelings & Opinions,statement,3,short,,,,,,
GH0162,That restaurant is expensive but the food is good.,Food & Eating,statement,9,medium,,,,,,
GH0163,Do not put pepper in my own.,Food & Eating,request_or_command,7,medium,,,,,,
GH0164,"Many hearing people think deaf people cannot work, but that is not true at all.",Deaf Identity & Communication,statement,15,long,,,,,,
GH0165,How much is this?,Market & Shopping,question,4,short,,,,,,
GH0166,I tapped his shoulder to tell him to stop.,Transport & Travel,statement,9,medium,,,,,,
GH0167,Count the money well.,Money & Mobile Money,request_or_command,4,short,,,,,,
GH0168,Do not worry.,Feelings & Opinions,request_or_command,3,short,,,,,,
GH0169,There is no light to charge.,Phone & Technology,statement,6,medium,,,,,,
GH0170,She is my classmate.,Introductions & Small Talk,statement,4,short,,,,,,
GH0171,She is the new member of our association.,Introductions & Small Talk,statement,8,medium,,,,,,
GH0172,The light is off.,Family & Home,statement,4,short,,,,,,
GH0173,"Nobody informed me about the family meeting, so I did not attend it.",Family & Home,statement,13,long,,,,,,
GH0174,I need books and pens.,School & Education,statement,5,short,,,,,,
GH0175,I sleep late at night.,Time & Plans,statement,5,short,,,,,,
GH0176,"If you are passing by the shop, buy me a pen and a small notebook.",Requests & Everyday Actions,statement,15,long,,,,,,
GH0177,How much do you charge for this?,Work & Business,question,7,medium,,,,,,
GH0178,"The agent said that there is no cash, so I should come back tomorrow morning.",Money & Mobile Money,statement,15,long,,,,,,
GH0179,The food is delicious.,Food & Eating,statement,4,short,,,,,,
GH0180,Would you mind writing it down for me?,Requests & Everyday Actions,question,8,medium,,,,,,
GH0181,I will travel tomorrow morning.,Transport & Travel,statement,5,short,,,,,,
GH0182,Add small salt to the stew.,Food & Eating,request_or_command,6,medium,,,,,,
GH0183,The baby is crying.,Family & Home,statement,4,short,,,,,,
GH0184,Take it after eating.,Health & Hospital,request_or_command,4,short,,,,,,
GH0185,"If it rains this afternoon, remember to bring the clothes in from the line.",Family & Home,statement,14,long,,,,,,
GH0186,What is wrong with you?,Feelings & Opinions,question,5,short,,,,,,
GH0187,There was an accident.,Health & Hospital,statement,4,short,,,,,,
GH0188,Do you have this shirt in a bigger size?,Market & Shopping,question,9,medium,,,,,,
GH0189,I attend the deaf church.,Introductions & Small Talk,statement,5,short,,,,,,
GH0190,Are you going already?,Greetings & Farewells,question,4,short,,,,,,
GH0191,Send me a message as soon as you get to the station tonight.,Requests & Everyday Actions,request_or_command,13,long,,,,,,
GH0192,The harmattan is making my skin very dry.,Weather & Environment,statement,8,medium,,,,,,
GH0193,He has not paid me for the work yet.,Money & Mobile Money,statement,9,medium,,,,,,
GH0194,"When the gutters are choked, the water floods the street after a heavy rain.",Weather & Environment,statement,14,long,,,,,,
GH0195,"I am not feeling well, I want to see a doctor.",Health & Hospital,statement,11,long,,,,,,
GH0196,School fees must be paid.,School & Education,statement,5,short,,,,,,
GH0197,I will pay you back next week.,Money & Mobile Money,statement,7,medium,,,,,,
GH0198,I go home every weekend.,School & Education,statement,5,short,,,,,,
GH0199,The video is not clear.,Phone & Technology,statement,5,short,,,,,,
GH0200,I always ask a friend to come with me because there is no interpreter at the clinic.,Health & Hospital,statement,17,long,,,,,,
GH0201,Where should I wait for you?,Directions & Places,question,6,medium,,,,,,
GH0202,It is very close.,Directions & Places,statement,4,short,,,,,,
GH0203,It is in front of the station.,Directions & Places,statement,7,medium,,,,,,
GH0204,Can you sign?,Deaf Identity & Communication,question,3,short,,,,,,
GH0205,This one is too small.,Market & Shopping,statement,5,short,,,,,,
GH0206,We need an interpreter for the meeting tomorrow.,Deaf Identity & Communication,statement,8,medium,,,,,,
GH0207,I will be there on time.,Time & Plans,statement,6,medium,,,,,,
GH0208,The journey to Tamale takes about twelve hours.,Transport & Travel,statement,8,medium,,,,,,
GH0209,Pray for me.,"Church, Mosque & Community",request_or_command,3,short,,,,,,
GH0210,Who is looking after the baby?,Family & Home,question,6,medium,,,,,,
GH0211,Where can I buy shoes?,Market & Shopping,question,5,short,,,,,,
GH0212,The office is on the second floor of that building.,Directions & Places,statement,10,medium,,,,,,
GH0213,Somebody tried to defraud me.,Money & Mobile Money,statement,5,short,,,,,,
GH0214,Get well soon.,Health & Hospital,request_or_command,3,short,,,,,,
GH0215,I learned sign language when I was seven years old.,Deaf Identity & Communication,statement,10,medium,,,,,,
GH0216,The hospital queue was very long this morning.,Health & Hospital,statement,8,medium,,,,,,
GH0217,Do not tell anybody what I told you.,Requests & Everyday Actions,request_or_command,8,medium,,,,,,
GH0218,The weather has changed.,Weather & Environment,statement,4,short,,,,,,
GH0219,Wait for me in front of the school and I will meet you there in ten minutes.,Directions & Places,request_or_command,17,long,,,,,,
GH0220,Please come early so we can finish on time.,Time & Plans,request_or_command,9,medium,,,,,,
GH0221,I am grateful for everything you have done for me and my family.,Feelings & Opinions,statement,13,long,,,,,,
GH0222,The baby is sleeping.,Family & Home,statement,4,short,,,,,,
GH0223,Please sign slowly.,Deaf Identity & Communication,request_or_command,3,short,,,,,,
GH0224,The wedding is next month and we are all invited.,"Church, Mosque & Community",statement,10,medium,,,,,,
GH0225,My family is originally from the Volta Region.,Introductions & Small Talk,statement,8,medium,,,,,,
GH0226,I am allergic to that drug.,Health & Hospital,statement,6,medium,,,,,,
GH0227,Who is your friend?,Introductions & Small Talk,question,4,short,,,,,,
GH0228,This is my first time attending this programme.,Introductions & Small Talk,statement,8,medium,,,,,,
GH0229,Did your mother say what time she will be back from the market?,Family & Home,question,13,long,,,,,,
GH0230,I have a headache.,Health & Hospital,statement,4,short,,,,,,
GH0231,"Please add small salt to the soup, but do not put too much pepper inside.",Food & Eating,request_or_command,15,long,,,,,,
GH0232,The family is fine.,Greetings & Farewells,statement,4,short,,,,,,
GH0233,When will the school go on vacation?,School & Education,question,7,medium,,,,,,
GH0234,Do not tell anybody about this until I have spoken to my family.,Requests & Everyday Actions,request_or_command,13,long,,,,,,
GH0235,I am going to the market.,Market & Shopping,statement,6,medium,,,,,,
GH0236,I will message you later.,Introductions & Small Talk,statement,5,short,,,,,,
GH0237,The road is flooded.,Weather & Environment,statement,4,short,,,,,,
GH0238,The hospital is about fifteen minutes walk from the station if you go straight.,Directions & Places,statement,14,long,,,,,,
GH0239,I am hungry.,Food & Eating,statement,3,short,,,,,,
GH0240,Can you send me the photo?,Phone & Technology,question,6,medium,,,,,,
GH0241,He is my old classmate from the deaf school.,Introductions & Small Talk,statement,9,medium,,,,,,
GH0242,"Make way, please.",Requests & Everyday Actions,request_or_command,3,short,,,,,,
GH0243,Why did you not tell me that the landlord came to the house yesterday?,Family & Home,question,14,long,,,,,,
GH0244,My grandmother wants the whole family to come to the village for Christmas.,Family & Home,statement,13,long,,,,,,
GH0245,I have too much work today.,Work & Business,statement,6,medium,,,,,,
GH0246,Can you take me there?,Directions & Places,question,5,short,,,,,,
GH0247,Let me think.,Requests & Everyday Actions,request_or_command,3,short,,,,,,
GH0248,We were in the same school.,Introductions & Small Talk,statement,6,medium,,,,,,
GH0249,Let us finish this work before we go.,Requests & Everyday Actions,request_or_command,8,medium,,,,,,
GH0250,The bus has broken down.,Transport & Travel,statement,5,short,,,,,,
GH0251,I will take it for repair on Saturday.,Phone & Technology,statement,8,medium,,,,,,
GH0252,I feel tired because I did not sleep well.,Feelings & Opinions,statement,9,medium,,,,,,
GH0253,"When I go to the market, I write the prices on my phone to show the traders.",Market & Shopping,statement,17,long,,,,,,
GH0254,The sun is too strong.,Weather & Environment,statement,5,short,,,,,,
GH0255,Where did you buy this waakye?,Food & Eating,question,6,medium,,,,,,
GH0256,I am proud of what you have achieved.,Feelings & Opinions,statement,8,medium,,,,,,
GH0257,Please meet my brother.,Introductions & Small Talk,request_or_command,4,short,,,,,,
GH0258,Sleep under the mosquito net.,Weather & Environment,request_or_command,5,short,,,,,,
GH0259,The programme will start at nine and it should end around two in the afternoon.,Time & Plans,statement,15,long,,,,,,
GH0260,Answer me.,Requests & Everyday Actions,request_or_command,2,short,,,,,,
GH0261,The car is full.,Transport & Travel,statement,4,short,,,,,,
GH0262,Please tell the mate that I am dropping at the junction after the filling station.,Transport & Travel,request_or_command,15,long,,,,,,
GH0263,Does it make you sad when people ignore you?,Feelings & Opinions,question,9,medium,,,,,,
GH0264,Is it far from here?,Directions & Places,question,5,short,,,,,,
GH0265,He is worried about his mother's health.,Feelings & Opinions,statement,7,medium,,,,,,
GH0266,How much is each person contributing towards the funeral expenses this time?,"Church, Mosque & Community",question,12,long,,,,,,
GH0267,I did not see your message.,Phone & Technology,statement,6,medium,,,,,,
GH0268,Let us meet at four o'clock in front of the bank near the market.,Time & Plans,request_or_command,14,long,,,,,,
GH0269,It is nice to meet you.,Introductions & Small Talk,statement,6,medium,,,,,,
GH0270,They have not paid my salary this month.,Work & Business,statement,8,medium,,,,,,
GH0271,Some sellers are patient with deaf customers.,Market & Shopping,statement,7,medium,,,,,,
GH0272,Our group is raising funds to buy books for the children at the deaf school.,"Church, Mosque & Community",statement,15,long,,,,,,
GH0273,"If the school had more sign language teachers, the students would perform much better.",School & Education,statement,14,long,,,,,,
GH0274,The traffic is heavy today.,Transport & Travel,statement,5,short,,,,,,
GH0275,Happy Eid.,"Church, Mosque & Community",statement,2,short,,,,,,
GH0276,Where is the nearest bank?,Directions & Places,question,5,short,,,,,,
GH0277,I went for an interview but they did not call me.,Work & Business,statement,11,long,,,,,,
GH0278,I use Ghanaian Sign Language.,Deaf Identity & Communication,statement,5,short,,,,,,
GH0279,The baby must go for vaccination next week.,Health & Hospital,statement,8,medium,,,,,,
GH0280,The engagement is this weekend.,"Church, Mosque & Community",statement,5,short,,,,,,
GH0281,Why did you not tell me how you felt?,Feelings & Opinions,question,9,medium,,,,,,
GH0282,It will take about two hours to finish.,Time & Plans,statement,8,medium,,,,,,
GH0283,I borrowed my friend's book because I did not finish copying the notes in class.,School & Education,statement,15,long,,,,,,
GH0284,I want to buy a new pair of shoes.,Market & Shopping,statement,9,medium,,,,,,
GH0285,"The machine broke down, so work has stopped.",Work & Business,statement,8,medium,,,,,,
GH0286,"Give me my change, I gave you fifty cedis.",Market & Shopping,request_or_command,9,medium,,,,,,
GH0287,Does the new teacher know enough sign language to teach the class properly?,School & Education,question,13,long,,,,,,
GH0288,Homowo is celebrated in Accra.,"Church, Mosque & Community",statement,5,short,,,,,,
GH0289,"I could not see the board clearly, so I asked to sit in the front row.",School & Education,statement,16,long,,,,,,
GH0290,I am free on Saturday.,Time & Plans,statement,5,short,,,,,,
GH0291,I do not agree with what he said.,Feelings & Opinions,statement,8,medium,,,,,,
GH0292,"If it rains this evening, the meeting will be moved to the church hall instead.",Weather & Environment,statement,15,long,,,,,,
GH0293,She is the best student in our class.,School & Education,statement,8,medium,,,,,,
GH0294,It looks like it will rain this evening.,Weather & Environment,statement,8,medium,,,,,,
GH0295,I do not have enough money until month end.,Money & Mobile Money,statement,9,medium,,,,,,
GH0296,I do not agree with him because he did not consider everybody's opinion.,Feelings & Opinions,statement,13,long,,,,,,
GH0297,Have you finished?,Requests & Everyday Actions,question,3,short,,,,,,
GH0298,I am married with two children.,Introductions & Small Talk,statement,6,medium,,,,,,
GH0299,Let us finish shopping before the rain starts.,Market & Shopping,request_or_command,8,medium,,,,,,
GH0300,Do not send money to anybody who messages you asking for your mobile money PIN.,Money & Mobile Money,request_or_command,15,long,,,,,,
GH0301,Add me to the group.,Phone & Technology,request_or_command,5,short,,,,,,
GH0302,Did the money I sent you through mobile money this morning finally come through?,Money & Mobile Money,question,14,long,,,,,,
GH0303,Did the rain reach your area last night?,Weather & Environment,question,8,medium,,,,,,
GH0304,I felt lonely at the programme because nobody there could sign with me.,Feelings & Opinions,statement,13,long,,,,,,
GH0305,I am bored.,Feelings & Opinions,statement,3,short,,,,,,
GH0306,Check whether the door is locked properly.,Requests & Everyday Actions,request_or_command,7,medium,,,,,,
GH0307,The funeral will be held on Saturday at the village.,"Church, Mosque & Community",statement,10,medium,,,,,,
GH0308,Is there any food left?,Food & Eating,question,5,short,,,,,,
GH0309,Somebody should always inform me what is happening.,Deaf Identity & Communication,statement,8,medium,,,,,,
GH0310,There is a wake keeping tonight.,"Church, Mosque & Community",statement,6,medium,,,,,,
GH0311,I was surprised to see him at the programme.,Feelings & Opinions,statement,9,medium,,,,,,
GH0312,Please write it down for me.,Deaf Identity & Communication,request_or_command,6,medium,,,,,,
GH0313,"We have many things in common, so I am happy that we met today.",Introductions & Small Talk,statement,14,long,,,,,,
GH0314,I am closing at five.,Work & Business,statement,5,short,,,,,,
GH0315,I am not too bad.,Greetings & Farewells,statement,5,short,,,,,,
GH0316,Will you keep the shoes for me until I receive my salary at month end?,Market & Shopping,question,15,long,,,,,,
GH0317,My luggage is heavy.,Transport & Travel,statement,4,short,,,,,,
GH0318,Are you leaving already?,Greetings & Farewells,question,4,short,,,,,,
GH0319,What time is it?,Time & Plans,question,4,short,,,,,,
GH0320,Hold the phone steady.,Phone & Technology,request_or_command,4,short,,,,,,
GH0321,We will fix another date.,Time & Plans,statement,5,short,,,,,,
GH0322,He is my neighbour.,Introductions & Small Talk,statement,4,short,,,,,,
GH0323,I am travelling home for the festival.,"Church, Mosque & Community",statement,7,medium,,,,,,
GH0324,Move the camera back.,Phone & Technology,request_or_command,4,short,,,,,,
GH0325,It has been a long time.,Greetings & Farewells,statement,6,medium,,,,,,
GH0326,Do not let the dog into the room.,Family & Home,request_or_command,8,medium,,,,,,
GH0327,Goodbye.,Greetings & Farewells,statement,1,short,,,,,,
GH0328,Come and sit here.,Greetings & Farewells,request_or_command,4,short,,,,,,
GH0329,I failed that paper.,School & Education,statement,4,short,,,,,,
GH0330,I am looking for work.,Introductions & Small Talk,statement,5,short,,,,,,
GH0331,How much do you think we will need for the transport and the food?,Money & Mobile Money,question,14,long,,,,,,
GH0332,We finished the job.,Work & Business,statement,4,short,,,,,,
GH0333,See you next week.,Greetings & Farewells,request_or_command,4,short,,,,,,
GH0334,Maybe.,Feelings & Opinions,statement,1,short,,,,,,
GH0335,"Welcome, please come inside and sit down.",Greetings & Farewells,request_or_command,7,medium,,,,,,
GH0336,It ended early.,Time & Plans,statement,3,short,,,,,,
GH0337,Did you tell the driver that you are dropping after the filling station?,Transport & Travel,question,13,long,,,,,,
GH0338,Please do not send money to that number.,Money & Mobile Money,request_or_command,8,medium,,,,,,
GH0339,This is my friend.,Introductions & Small Talk,statement,4,short,,,,,,
GH0340,The office is on the second floor of the building opposite the filling station.,Directions & Places,statement,14,long,,,,,,
GH0341,"Everybody in the house is fine, thank you.",Family & Home,statement,8,medium,,,,,,
GH0342,They called my name but I did not hear it.,Health & Hospital,statement,10,medium,,,,,,
GH0343,Our landlord is a good man.,Family & Home,statement,6,medium,,,,,,
GH0344,Which school did you attend?,Introductions & Small Talk,question,5,short,,,,,,
GH0345,"There are many mosquitoes in the evening, so sleep under your net every night.",Weather & Environment,statement,14,long,,,,,,
GH0346,"Time is going, let us start now.",Time & Plans,statement,7,medium,,,,,,
GH0347,"The fare has increased again, so now I spend twenty cedis every day on transport.",Transport & Travel,statement,15,long,,,,,,
GH0348,The road to the village is very bad.,Transport & Travel,statement,8,medium,,,,,,
GH0349,Please write down everything the doctor says so that I can read it at home.,Health & Hospital,request_or_command,15,long,,,,,,
GH0350,I am travelling home for the festival next week.,"Church, Mosque & Community",statement,9,medium,,,,,,
GH0351,It is not what I wanted.,Market & Shopping,statement,6,medium,,,,,,
GH0352,Try again.,Requests & Everyday Actions,request_or_command,2,short,,,,,,
GH0353,Why are you worried?,Feelings & Opinions,question,4,short,,,,,,
GH0354,Every morning I wake up at five and leave the house before six thirty.,Time & Plans,statement,14,long,,,,,,
GH0355,Can somebody write it down for me?,Deaf Identity & Communication,question,7,medium,,,,,,
GH0356,I am lost.,Directions & Places,statement,3,short,,,,,,
GH0357,It rained the whole night and the road in front of our house is flooded.,Weather & Environment,statement,15,long,,,,,,
GH0358,We usually eat fufu on Sunday after everybody comes back from church.,Food & Eating,statement,12,long,,,,,,
GH0359,"Since prices went up, my salary is not enough to cover everything at home.",Money & Mobile Money,statement,14,long,,,,,,
GH0360,Did you get an injection?,Health & Hospital,question,5,short,,,,,,
GH0361,Look for the blue gate.,Directions & Places,request_or_command,5,short,,,,,,
GH0362,Please send me the information on WhatsApp because I cannot hear phone calls.,Phone & Technology,request_or_command,13,long,,,,,,
GH0363,Go to the agent and cash out.,Money & Mobile Money,request_or_command,7,medium,,,,,,
GH0364,Wait small.,Requests & Everyday Actions,request_or_command,2,short,,,,,,
GH0365,I always write my stop on my phone for the driver.,Transport & Travel,statement,11,long,,,,,,
GH0366,It is not far.,Directions & Places,statement,4,short,,,,,,
GH0367,The meeting is postponed.,"Church, Mosque & Community",statement,4,short,,,,,,
GH0368,I think I have seen your face before.,Introductions & Small Talk,statement,8,medium,,,,,,
GH0369,I have not eaten anything since this morning.,Food & Eating,statement,8,medium,,,,,,
GH0370,The water is flooding the road again.,Weather & Environment,statement,7,medium,,,,,,
GH0371,Please pay your dues.,Money & Mobile Money,request_or_command,4,short,,,,,,
GH0372,Please greet your mother and father for me.,Greetings & Farewells,request_or_command,8,medium,,,,,,
GH0373,I think we should wait until next week before we make a final decision.,Feelings & Opinions,statement,14,long,,,,,,
GH0374,What do you want to study after school?,School & Education,question,8,medium,,,,,,
GH0375,Why were you angry with me when I was only trying to help you?,Feelings & Opinions,question,14,long,,,,,,
GH0376,Wait for me at the junction.,Directions & Places,request_or_command,6,medium,,,,,,
GH0377,Please explain it again.,School & Education,request_or_command,4,short,,,,,,
GH0378,Are you still in school?,School & Education,question,5,short,,,,,,
GH0379,I came by motorbike.,Transport & Travel,statement,4,short,,,,,,
GH0380,Has anybody informed the members that the meeting has been moved to next Saturday?,"Church, Mosque & Community",question,14,long,,,,,,
GH0381,We should clean the compound before the rain comes.,Weather & Environment,statement,9,medium,,,,,,
GH0382,I wake up at five o'clock every morning.,Time & Plans,statement,8,medium,,,,,,
GH0383,"When I travel to another region, I have to learn some of their local signs.",Deaf Identity & Communication,statement,15,long,,,,,,
GH0384,That is too expensive.,Market & Shopping,statement,4,short,,,,,,
GH0385,The bank is opposite the big church.,Directions & Places,statement,7,medium,,,,,,
GH0386,Why are you angry?,Feelings & Opinions,question,4,short,,,,,,
GH0387,"The interpreter did not come, so we did not understand anything that was said at the meeting.",Deaf Identity & Communication,statement,17,long,,,,,,
GH0388,This soup has too much pepper for me.,Food & Eating,statement,8,medium,,,,,,
GH0389,Go straight down this road and turn left when you reach the traffic light.,Directions & Places,request_or_command,14,long,,,,,,
GH0390,"I am fine, thank you.",Greetings & Farewells,statement,5,short,,,,,,
GH0391,Business is slow today.,Market & Shopping,statement,4,short,,,,,,
GH0392,"Nobody told me, so I felt left out.",Feelings & Opinions,statement,8,medium,,,,,,
GH0393,"When you get to the hospital, tell them that you need an interpreter for the deaf patient.",Health & Hospital,statement,17,long,,,,,,
GH0394,"When you pass the market, you will see a blue kiosk at the corner.",Directions & Places,statement,14,long,,,,,,
GH0395,I was sad when I heard about the accident.,Feelings & Opinions,statement,9,medium,,,,,,
GH0396,"Repeat what you said, I did not see it.",Requests & Everyday Actions,request_or_command,9,medium,,,,,,
GH0397,It is not fair to treat deaf people like that.,Feelings & Opinions,statement,10,medium,,,,,,
GH0398,I will pay you back at the end of the month when my salary comes.,Money & Mobile Money,statement,15,long,,,,,,
GH0399,They will do the outdooring of the baby next Sunday after the morning service.,"Church, Mosque & Community",statement,14,long,,,,,,
GH0400,"Sweep the room, please.",Family & Home,request_or_command,4,short,,,,,,
GH0401,He sleeps very late almost every night.,Time & Plans,statement,7,medium,,,,,,
GH0402,I am feeling much better than yesterday.,Health & Hospital,statement,7,medium,,,,,,
GH0403,You have passed it.,Directions & Places,statement,4,short,,,,,,
GH0404,I feel better now.,Feelings & Opinions,statement,4,short,,,,,,
GH0405,My parents are saving money so that I can continue my education next year.,School & Education,statement,14,long,,,,,,
GH0406,There are many mosquitoes tonight.,Weather & Environment,statement,5,short,,,,,,
GH0407,I think we should wait until next week.,Feelings & Opinions,statement,8,medium,,,,,,
GH0408,The school will close for vacation next Friday and reopen in January.,School & Education,statement,12,long,,,,,,
GH0409,Close it.,Requests & Everyday Actions,request_or_command,2,short,,,,,,
GH0410,Why did you not answer my message?,Requests & Everyday Actions,question,7,medium,,,,,,
GH0411,I gave her one hundred cedis but she has not given me my balance yet.,Market & Shopping,statement,15,long,,,,,,
GH0412,I do not have change.,Market & Shopping,statement,5,short,,,,,,
GH0413,See you later.,Greetings & Farewells,request_or_command,3,short,,,,,,
GH0414,I am really sorry.,Feelings & Opinions,statement,4,short,,,,,,
GH0415,Sit down.,Requests & Everyday Actions,request_or_command,2,short,,,,,,
GH0416,Let me go home before it becomes too dark.,Greetings & Farewells,request_or_command,9,medium,,,,,,
GH0417,Type it and show me on your phone.,Phone & Technology,request_or_command,8,medium,,,,,,
GH0418,The examination will start on Monday next week.,School & Education,statement,8,medium,,,,,,
GH0419,The children should finish their homework before they go out to play.,Family & Home,statement,12,long,,,,,,
GH0420,In our school we sign that word differently.,Deaf Identity & Communication,statement,8,medium,,,,,,
GH0421,I study at the technical school.,School & Education,statement,6,medium,,,,,,
GH0422,The network here is very poor for video calls.,Phone & Technology,statement,9,medium,,,,,,
GH0423,Tell your brother that I asked about him.,Greetings & Farewells,request_or_command,8,medium,,,,,,
GH0424,It is behind the church.,Directions & Places,statement,5,short,,,,,,
GH0425,My name is Ama and I come from Cape Coast.,Introductions & Small Talk,statement,10,medium,,,,,,
GH0426,She said that she will introduce me to the president of the association.,Introductions & Small Talk,statement,13,long,,,,,,
GH0427,Please greet everybody at home for me and tell them I will visit soon.,Greetings & Farewells,request_or_command,14,long,,,,,,
GH0428,Take a photo of us.,Phone & Technology,request_or_command,5,short,,,,,,
GH0429,I am happy to see you.,Greetings & Farewells,statement,6,medium,,,,,,
GH0430,I need your help.,Requests & Everyday Actions,statement,4,short,,,,,,
GH0431,I am diabetic.,Health & Hospital,statement,3,short,,,,,,
GH0432,I feel weak.,Health & Hospital,statement,3,short,,,,,,
GH0433,The room is too small for us.,Family & Home,statement,7,medium,,,,,,
GH0434,I spent all my money on medicine.,Money & Mobile Money,statement,7,medium,,,,,,
GH0435,I will cook the food when I come back.,Family & Home,statement,9,medium,,,,,,
GH0436,Help me with my bag.,Transport & Travel,request_or_command,5,short,,,,,,
GH0437,That price is fair.,Money & Mobile Money,statement,4,short,,,,,,
GH0438,Any other business?,"Church, Mosque & Community",question,3,short,,,,,,
GH0439,Is there an interpreter here today?,Deaf Identity & Communication,question,6,medium,,,,,,
GH0440,Come inside.,Directions & Places,request_or_command,2,short,,,,,,
GH0441,Where are you going?,Directions & Places,question,4,short,,,,,,
GH0442,I will see you again at the meeting on Saturday.,Greetings & Farewells,statement,10,medium,,,,,,
GH0443,The workshop is busy.,Work & Business,statement,4,short,,,,,,
GH0444,When do you think the machine will be repaired so that we can continue?,Work & Business,question,14,long,,,,,,
GH0445,I do not agree.,Feelings & Opinions,statement,4,short,,,,,,
GH0446,I am learning sign language.,Deaf Identity & Communication,statement,5,short,,,,,,
GH0447,Our teacher told us that the examination will begin on Monday at eight o'clock.,School & Education,statement,14,long,,,,,,
GH0448,I am very happy that you passed your examination.,Feelings & Opinions,statement,9,medium,,,,,,
GH0449,Please pass my greetings to everybody at home.,Greetings & Farewells,request_or_command,8,medium,,,,,,
GH0450,"If you see my brother at the station, please tell him that I am waiting.",Greetings & Farewells,statement,15,long,,,,,,
GH0451,Please do not post that video online.,Phone & Technology,request_or_command,7,medium,,,,,,
GH0452,We have sports on Friday.,School & Education,statement,5,short,,,,,,
GH0453,Next month I will travel.,Time & Plans,statement,5,short,,,,,,
GH0454,Send me a message when you get home.,Requests & Everyday Actions,request_or_command,8,medium,,,,,,
GH0455,"I am busy the whole of next week, so let us meet the following Saturday.",Time & Plans,statement,15,long,,,,,,
GH0456,Are you feeling better?,Health & Hospital,question,4,short,,,,,,
GH0457,Are you hungry?,Food & Eating,question,3,short,,,,,,
GH0458,I sell clothes.,Work & Business,statement,3,short,,,,,,
GH0459,I am going to church.,"Church, Mosque & Community",statement,5,short,,,,,,
GH0460,The funeral will be held at the village on Saturday and the burial is at ten.,"Church, Mosque & Community",statement,16,long,,,,,,
GH0461,The market is very crowded on Thursdays.,Market & Shopping,statement,7,medium,,,,,,
GH0462,Where are my shoes?,Family & Home,question,4,short,,,,,,
GH0463,The funeral is on Saturday.,"Church, Mosque & Community",statement,5,short,,,,,,
GH0464,I did not see your message last night because my phone battery was dead.,Phone & Technology,statement,14,long,,,,,,
GH0465,Please write down the address for me so that I do not go to the wrong place.,Requests & Everyday Actions,request_or_command,17,long,,,,,,
GH0466,Is this trotro going to Kaneshie?,Transport & Travel,question,6,medium,,,,,,
GH0467,The interpreter has arrived.,Deaf Identity & Communication,statement,4,short,,,,,,
GH0468,Where is your workshop?,Work & Business,question,4,short,,,,,,
GH0469,The sun is setting.,Weather & Environment,statement,4,short,,,,,,
GH0470,I am in class six.,School & Education,statement,5,short,,,,,,
GH0471,Is the price fixed?,Market & Shopping,question,4,short,,,,,,
GH0472,Deaf people can do any work they are trained for.,Work & Business,statement,10,medium,,,,,,
GH0473,Please send the money through mobile money today.,Money & Mobile Money,request_or_command,8,medium,,,,,,
GH0474,Do not worry about it too much.,Feelings & Opinions,request_or_command,7,medium,,,,,,
GH0475,Can you show me again?,Requests & Everyday Actions,question,5,short,,,,,,
GH0476,I learned tailoring after school.,Work & Business,statement,5,short,,,,,,
GH0477,The food in school is not good.,School & Education,statement,7,medium,,,,,,
GH0478,Well done.,Feelings & Opinions,statement,2,short,,,,,,
GH0479,I do not drink alcohol.,Food & Eating,statement,5,short,,,,,,
GH0480,Can you take me there when you are free?,Directions & Places,question,9,medium,,,,,,
GH0481,I grew up using sign language at school but my family still does not sign well.,Deaf Identity & Communication,statement,16,long,,,,,,
GH0482,The doctor said that I should take the tablets twice a day after eating.,Health & Hospital,statement,14,long,,,,,,
GH0483,Get plenty of rest and drink a lot of water.,Health & Hospital,request_or_command,10,medium,,,,,,
GH0484,"Sorry, I am late.",Time & Plans,statement,4,short,,,,,,
GH0485,Let us meet at four o'clock.,Time & Plans,request_or_command,6,medium,,,,,,
GH0486,What is your name?,Introductions & Small Talk,question,4,short,,,,,,
GH0487,Is there an interpreter in your church?,"Church, Mosque & Community",question,7,medium,,,,,,
GH0488,Come and eat.,Family & Home,request_or_command,3,short,,,,,,
GH0489,Wave your hand so I can see you.,Deaf Identity & Communication,statement,8,medium,,,,,,
GH0490,I understand now.,School & Education,statement,3,short,,,,,,
GH0491,Why is it so hot today?,Weather & Environment,question,6,medium,,,,,,
GH0492,Ask them to give you a receipt.,Money & Mobile Money,request_or_command,7,medium,,,,,,
GH0493,The phone is not working.,Phone & Technology,statement,5,short,,,,,,
GH0494,Our group is raising funds for the deaf school.,"Church, Mosque & Community",statement,9,medium,,,,,,
GH0495,I cannot see your hands well.,Phone & Technology,statement,6,medium,,,,,,
GH0496,Is the road to Tamale still bad?,Transport & Travel,question,7,medium,,,,,,
GH0497,Many deaf people feel frustrated when nobody explains what is happening around them.,Feelings & Opinions,statement,13,long,,,,,,
GH0498,Please do not cover your mouth.,Deaf Identity & Communication,request_or_command,6,medium,,,,,,
GH0499,I read lips a little.,Deaf Identity & Communication,statement,5,short,,,,,,
GH0500,The mosquitoes are very many this season.,Weather & Environment,statement,7,medium,,,,,,
GH0501,Please knock before entering.,Family & Home,request_or_command,4,short,,,,,,
GH0502,Did the doctor examine you?,Health & Hospital,question,5,short,,,,,,
GH0503,I have not eaten since morning.,Food & Eating,statement,6,medium,,,,,,
GH0504,Keep the change.,Market & Shopping,request_or_command,3,short,,,,,,
GH0505,Our teacher can sign very well.,School & Education,statement,6,medium,,,,,,
GH0506,I agree with you.,Feelings & Opinions,statement,4,short,,,,,,
GH0507,Go straight and turn left at the traffic light.,Directions & Places,request_or_command,9,medium,,,,,,
GH0508,The pastor preached well.,"Church, Mosque & Community",statement,4,short,,,,,,
GH0509,How many members attended last month?,"Church, Mosque & Community",question,6,medium,,,,,,
GH0510,The wedding is next month and the whole association has been invited to attend.,"Church, Mosque & Community",statement,14,long,,,,,,
GH0511,I did not know you were also coming here.,Greetings & Farewells,statement,9,medium,,,,,,
GH0512,"Safe journey, and message me when you reach home.",Greetings & Farewells,statement,9,medium,,,,,,
GH0513,Let us use a ride app.,Transport & Travel,request_or_command,6,medium,,,,,,
GH0514,Take the second turning.,Directions & Places,request_or_command,4,short,,,,,,
GH0515,"Bring a spoon, please.",Food & Eating,request_or_command,4,short,,,,,,
GH0516,I was soaked by the rain.,Weather & Environment,statement,6,medium,,,,,,
GH0517,We always eat together on Sunday afternoon.,Food & Eating,statement,7,medium,,,,,,
GH0518,"My insurance card expired last month, so I had to pay cash for the medicine.",Health & Hospital,statement,15,long,,,,,,
GH0519,There is a sign language interpreter in church.,"Church, Mosque & Community",statement,8,medium,,,,,,
GH0520,My battery is low.,Phone & Technology,statement,4,short,,,,,,
GH0521,The water has stopped running.,Family & Home,statement,5,short,,,,,,
GH0522,When are you coming?,Time & Plans,question,4,short,,,,,,
GH0523,Tell the children that they must not play near the fire in the kitchen.,Family & Home,request_or_command,14,long,,,,,,
GH0524,Share it with the group.,Phone & Technology,request_or_command,5,short,,,,,,
GH0525,My workshop is close to the main road.,Work & Business,statement,8,medium,,,,,,
GH0526,Our church has an interpreter for the deaf members.,"Church, Mosque & Community",statement,9,medium,,,,,,
GH0527,Help me carry these bags to the car.,Market & Shopping,request_or_command,8,medium,,,,,,
GH0528,"My phone battery is low, I need to charge it.",Phone & Technology,statement,10,medium,,,,,,
GH0529,Write it down so I will not forget.,Requests & Everyday Actions,request_or_command,8,medium,,,,,,
GH0530,The door is locked.,Directions & Places,statement,4,short,,,,,,
GH0531,How is the family?,Greetings & Farewells,question,4,short,,,,,,
GH0532,I like to travel and meet new people.,Introductions & Small Talk,statement,8,medium,,,,,,
GH0533,We are planning a programme for deaf awareness week.,"Church, Mosque & Community",statement,9,medium,,,,,,
GH0534,Do you want some more?,Food & Eating,question,5,short,,,,,,
GH0535,I go every month.,Introductions & Small Talk,statement,4,short,,,,,,
GH0536,How much is the fare?,Transport & Travel,question,5,short,,,,,,
GH0537,The queue at the bank is long.,Money & Mobile Money,statement,7,medium,,,,,,
GH0538,Do you understand me?,Deaf Identity & Communication,question,4,short,,,,,,
GH0539,Cheer up.,Feelings & Opinions,request_or_command,2,short,,,,,,
GH0540,They will do the outdooring of the baby on Sunday.,"Church, Mosque & Community",statement,10,medium,,,,,,
GH0541,Can your teacher sign well?,School & Education,question,5,short,,,,,,
GH0542,Wear a mask in the ward.,Health & Hospital,request_or_command,6,medium,,,,,,
GH0543,I felt alone because I could not follow the conversation.,Feelings & Opinions,statement,10,medium,,,,,,
GH0544,He owes me money.,Money & Mobile Money,statement,4,short,,,,,,
GH0545,The school is on vacation.,School & Education,statement,5,short,,,,,,
GH0546,Do you know sign language?,Deaf Identity & Communication,question,5,short,,,,,,
GH0547,"They called my name three times but I did not hear it, so I missed my turn.",Health & Hospital,statement,17,long,,,,,,
GH0548,The doctor will see you now.,Health & Hospital,statement,6,medium,,,,,,
GH0549,I stay at Madina.,Introductions & Small Talk,statement,4,short,,,,,,
GH0550,"When I finish senior high school, I want to learn tailoring or carpentry.",School & Education,statement,13,long,,,,,,
GH0551,The rain stopped us from going to the meeting.,Weather & Environment,statement,9,medium,,,,,,
GH0552,The market is crowded today.,Market & Shopping,statement,5,short,,,,,,
GH0553,Please tell the members about the change of date.,"Church, Mosque & Community",request_or_command,9,medium,,,,,,
GH0554,Can you help me?,Requests & Everyday Actions,question,4,short,,,,,,
GH0555,We have not seen each other since last year.,Greetings & Farewells,statement,9,medium,,,,,,
GH0556,Many deaf people from other regions will come for the celebration next week.,"Church, Mosque & Community",statement,13,long,,,,,,
GH0557,Why is the video not clear?,Phone & Technology,question,6,medium,,,,,,
GH0558,Give the book back to me tomorrow.,Requests & Everyday Actions,request_or_command,7,medium,,,,,,
GH0559,My boss knows a little sign language.,Work & Business,statement,7,medium,,,,,,
GH0560,The pastor asked us to pray for the sick.,"Church, Mosque & Community",statement,9,medium,,,,,,
GH0561,Please show me the way to the police station.,Directions & Places,request_or_command,9,medium,,,,,,
GH0562,I have finished washing.,Family & Home,statement,4,short,,,,,,
GH0563,I want to open my own shop one day.,Work & Business,statement,9,medium,,,,,,
GH0564,Push the door.,Requests & Everyday Actions,request_or_command,3,short,,,,,,
GH0565,Go straight.,Directions & Places,request_or_command,2,short,,,,,,
GH0566,The delivery is delayed.,Work & Business,statement,4,short,,,,,,
GH0567,What do you want to do after you complete senior high school next year?,School & Education,question,14,long,,,,,,
GH0568,My first born is a girl.,Family & Home,statement,6,medium,,,,,,
GH0569,"I saved your number, so message me anytime you need something.",Phone & Technology,statement,11,long,,,,,,
GH0570,The road to the village is so bad that the journey now takes four hours.,Transport & Travel,statement,15,long,,,,,,
GH0571,He came all the way from Ho to see me.,Transport & Travel,statement,10,medium,,,,,,
GH0572,The fare is five cedis.,Transport & Travel,statement,5,short,,,,,,
GH0573,Are you coming to the meeting on Saturday?,"Church, Mosque & Community",question,8,medium,,,,,,
GH0574,I am coughing a lot.,Health & Hospital,statement,5,short,,,,,,
GH0575,Why did nobody tell me the visitors were coming?,Family & Home,question,9,medium,,,,,,
GH0576,Welcome home.,Greetings & Farewells,request_or_command,2,short,,,,,,
GH0577,We are practising for the inter school competition.,School & Education,statement,8,medium,,,,,,
GH0578,Please come again.,Greetings & Farewells,request_or_command,3,short,,,,,,
GH0579,We are contributing money to help the family with the funeral expenses.,"Church, Mosque & Community",statement,12,long,,,,,,
GH0580,Sign language is a real language.,Deaf Identity & Communication,request_or_command,6,medium,,,,,,
GH0581,"You have passed the place, come back small.",Directions & Places,statement,8,medium,,,,,,
GH0582,Please tell the driver I am deaf.,Transport & Travel,request_or_command,7,medium,,,,,,
GH0583,I want to continue to senior high school.,School & Education,statement,8,medium,,,,,,
GH0584,It is next to the pharmacy.,Directions & Places,statement,6,medium,,,,,,
GH0585,I am the second born in my family.,Introductions & Small Talk,statement,8,medium,,,,,,
GH0586,He completed the school for the deaf and now he is studying at the university.,School & Education,statement,15,long,,,,,,
GH0587,When will you pay me back?,Money & Mobile Money,question,6,medium,,,,,,
GH0588,My results were good.,School & Education,statement,4,short,,,,,,
GH0589,I want to withdraw money.,Money & Mobile Money,statement,5,short,,,,,,
GH0590,Please give me some water.,Food & Eating,request_or_command,5,short,,,,,,
GH0591,I am a carpenter.,Work & Business,statement,4,short,,,,,,
GH0592,Let us walk together.,Transport & Travel,request_or_command,4,short,,,,,,
GH0593,I am from Accra.,Introductions & Small Talk,statement,4,short,,,,,,
GH0594,I will send you the location on WhatsApp.,Directions & Places,statement,8,medium,,,,,,
GH0595,Yesterday I was busy.,Time & Plans,statement,4,short,,,,,,
GH0596,"Fingerspell it slowly, please.",Deaf Identity & Communication,statement,4,short,,,,,,
GH0597,Which road leads to the hospital?,Directions & Places,question,6,medium,,,,,,
GH0598,The road is bad.,Transport & Travel,statement,4,short,,,,,,
GH0599,I am fasting today.,Food & Eating,statement,4,short,,,,,,
GH0600,Do you know what time the last car to Kasoa leaves the station?,Transport & Travel,question,13,long,,,,,,
GH0601,I want to deposit money.,Money & Mobile Money,statement,5,short,,,,,,
GH0602,How is everybody at home?,Greetings & Farewells,question,5,short,,,,,,
GH0603,Message me when you arrive.,Time & Plans,statement,5,short,,,,,,
GH0604,I am very hungry.,Food & Eating,statement,4,short,,,,,,
GH0605,Let us go and eat at the chop bar.,Food & Eating,request_or_command,9,medium,,,,,,
GH0606,Open your book to page ten.,School & Education,request_or_command,6,medium,,,,,,
GH0607,"Did the doctor write down the instructions, or do we have to ask again?",Health & Hospital,question,14,long,,,,,,
GH0608,Everybody in the community knows him very well.,Introductions & Small Talk,statement,8,medium,,,,,,
GH0609,Everything in the market has become expensive since the beginning of this year.,Market & Shopping,statement,13,long,,,,,,
GH0610,Do you have a charger?,Phone & Technology,question,5,short,,,,,,
GH0611,I want to learn a trade.,School & Education,statement,6,medium,,,,,,
GH0612,Why did nobody tell me about the change?,Deaf Identity & Communication,question,8,medium,,,,,,
GH0613,The dust is too much.,Weather & Environment,statement,5,short,,,,,,
GH0614,I am going to town.,Transport & Travel,statement,5,short,,,,,,
GH0615,It is half past three.,Time & Plans,statement,5,short,,,,,,
GH0616,I will send you my number on WhatsApp.,Money & Mobile Money,statement,8,medium,,,,,,
GH0617,The woman sitting near the door is the one who organised this programme.,Introductions & Small Talk,statement,13,long,,,,,,
GH0618,I missed the announcement at the station because there was nobody to sign it for me.,Transport & Travel,statement,16,long,,,,,,
GH0619,The weather has been strange this whole year.,Weather & Environment,statement,8,medium,,,,,,
GH0620,I bought this dress for my sister's wedding.,Market & Shopping,statement,8,medium,,,,,,
GH0621,"The interpreter did not come, so we missed everything.",Deaf Identity & Communication,statement,9,medium,,,,,,
GH0622,Is there any food left in the pot?,Food & Eating,question,8,medium,,,,,,
GH0623,The fish they sold me was not fresh.,Food & Eating,statement,8,medium,,,,,,
GH0624,"Please explain it again slowly, because I did not follow the last part.",Requests & Everyday Actions,request_or_command,13,long,,,,,,
GH0625,It is beside the market.,Directions & Places,statement,5,short,,,,,,
GH0626,Please put the clothes on the line.,Family & Home,request_or_command,7,medium,,,,,,
GH0627,When does the examination start?,School & Education,question,5,short,,,,,,
GH0628,Write down what the doctor says.,Health & Hospital,request_or_command,6,medium,,,,,,
GH0629,"If you are going to the junction, please buy me waakye with fish and gari.",Food & Eating,statement,15,long,,,,,,
GH0630,Do you think we should take an umbrella?,Weather & Environment,question,8,medium,,,,,,
GH0631,The station is opposite the bank.,Transport & Travel,statement,6,medium,,,,,,
GH0632,My uncle who lives in Tamale is coming to stay with us for two weeks.,Family & Home,statement,15,long,,,,,,
GH0633,Many deaf people will come for the celebration.,"Church, Mosque & Community",statement,8,medium,,,,,,
GH0634,Call the technician.,Work & Business,request_or_command,3,short,,,,,,
GH0635,Did they write down what the doctor said?,Health & Hospital,question,8,medium,,,,,,
GH0636,"If there is any food left in the pot, keep some for your brother.",Food & Eating,statement,14,long,,,,,,
GH0637,I have been waiting here since two o'clock and nobody has come yet.,Time & Plans,statement,13,long,,,,,,
GH0638,What day is today?,Time & Plans,question,4,short,,,,,,
GH0639,"My mother is cooking banku and okro stew, so come home early this evening.",Food & Eating,statement,14,long,,,,,,
GH0640,The tomatoes are fresh.,Market & Shopping,statement,4,short,,,,,,
GH0641,Where is the police station?,Directions & Places,question,5,short,,,,,,
GH0642,I am standing near the traffic light.,Directions & Places,statement,7,medium,,,,,,
GH0643,"I am deaf, so please write it on paper if I do not understand you.",Deaf Identity & Communication,statement,15,long,,,,,,
GH0644,"Thank you for your time, I appreciate it.",Greetings & Farewells,statement,8,medium,,,,,,
GH0645,Let me get you a chair.,Greetings & Farewells,request_or_command,6,medium,,,,,,
GH0646,Remind me tomorrow morning about the meeting because I always forget these things.,Requests & Everyday Actions,request_or_command,13,long,,,,,,
GH0647,The trotro was full so I waited for another one.,Transport & Travel,statement,10,medium,,,,,,
GH0648,Count the money before you leave the counter.,Money & Mobile Money,request_or_command,8,medium,,,,,,
GH0649,"I cannot see your hands, move the camera back.",Phone & Technology,statement,9,medium,,,,,,
GH0650,Please check whether the door is properly locked before you go to bed.,Requests & Everyday Actions,request_or_command,13,long,,,,,,
GH0651,I am just looking.,Market & Shopping,statement,4,short,,,,,,
GH0652,The burial is at ten.,"Church, Mosque & Community",statement,5,short,,,,,,
GH0653,Please move small so I can pass.,Requests & Everyday Actions,request_or_command,7,medium,,,,,,
GH0654,Will you come again tomorrow?,Greetings & Farewells,question,5,short,,,,,,
GH0655,We will fix a new date and tell everybody.,Time & Plans,statement,9,medium,,,,,,
GH0656,Do you think that is fair?,Feelings & Opinions,question,6,medium,,,,,,
GH0657,Can you lend me some money?,Money & Mobile Money,question,6,medium,,,,,,
GH0658,"I am leaving now, but I will come back.",Greetings & Farewells,statement,9,medium,,,,,,
GH0659,"Say that again, I did not catch it.",Deaf Identity & Communication,request_or_command,8,medium,,,,,,
GH0660,My father is at work.,Family & Home,statement,5,short,,,,,,
GH0661,"Sorry, I am running late because of traffic.",Time & Plans,statement,8,medium,,,,,,
GH0662,When is the funeral?,"Church, Mosque & Community",question,4,short,,,,,,
GH0663,Can I return it?,Market & Shopping,question,4,short,,,,,,
GH0664,The agent said there is no cash today.,Money & Mobile Money,statement,8,medium,,,,,,
GH0665,My grandfather is very old now.,Family & Home,statement,6,medium,,,,,,
GH0666,There is a community meeting.,"Church, Mosque & Community",statement,5,short,,,,,,
GH0667,I did not know that you also went to the school for the deaf at Mampong.,Introductions & Small Talk,statement,16,long,,,,,,
GH0668,The woman who sells vegetables near the gate is very patient with deaf customers.,Market & Shopping,statement,14,long,,,,,,
GH0669,What work do you do?,Introductions & Small Talk,question,5,short,,,,,,
GH0670,The gutter is choked.,Weather & Environment,statement,4,short,,,,,,
GH0671,Wash your hands often.,Health & Hospital,request_or_command,4,short,,,,,,
GH0672,I am feeling better now.,Health & Hospital,statement,5,short,,,,,,
GH0673,Do you agree with me?,Feelings & Opinions,question,5,short,,,,,,
GH0674,"The video has no captions, so I missed everything.",Phone & Technology,statement,9,medium,,,,,,
GH0675,I am worried.,Feelings & Opinions,statement,3,short,,,,,,
GH0676,The network is poor here.,Phone & Technology,statement,5,short,,,,,,
GH0677,The dormitory is crowded with many students.,School & Education,statement,7,medium,,,,,,
GH0678,Have you taken your medicine?,Health & Hospital,question,5,short,,,,,,
GH0679,The food is burning.,Food & Eating,statement,4,short,,,,,,
GH0680,The lights are back on.,Family & Home,statement,5,short,,,,,,
GH0681,Do you go for the deaf meetings?,Introductions & Small Talk,question,7,medium,,,,,,
GH0682,Be careful.,Requests & Everyday Actions,request_or_command,2,short,,,,,,
GH0683,The chief is coming.,"Church, Mosque & Community",statement,4,short,,,,,,
GH0684,Everybody should attend the meeting this weekend.,"Church, Mosque & Community",statement,7,medium,,,,,,
GH0685,I forgot my PIN.,Money & Mobile Money,statement,4,short,,,,,,
GH0686,What time should we meet tomorrow so that we can reach there before it closes?,Time & Plans,question,15,long,,,,,,
GH0687,I am late for class.,School & Education,statement,5,short,,,,,,
GH0688,I board at the school.,School & Education,statement,5,short,,,,,,
GH0689,Why are you talking to the interpreter instead of me?,Deaf Identity & Communication,question,10,medium,,,,,,
GH0690,Lift it up.,Requests & Everyday Actions,request_or_command,3,short,,,,,,
GH0691,He borrowed money from me last year and he has still not paid me back.,Money & Mobile Money,statement,15,long,,,,,,
GH0692,Have you eaten?,Food & Eating,question,3,short,,,,,,
GH0693,The kenkey seller has not come today.,Food & Eating,statement,7,medium,,,,,,
GH0694,"They have not paid me for the work I did last month, and I am tired of waiting.",Work & Business,statement,18,long,,,,,,
GH0695,Prices have gone up.,Money & Mobile Money,statement,4,short,,,,,,
GH0696,I need to go to the hospital.,Health & Hospital,statement,7,medium,,,,,,
GH0697,Everything is expensive now.,Money & Mobile Money,statement,4,short,,,,,,
GH0698,Do you think they refused to employ him because he is deaf?,Work & Business,question,12,long,,,,,,
GH0699,I am going now.,Greetings & Farewells,statement,4,short,,,,,,
GH0700,I need to charge my phone.,Phone & Technology,statement,6,medium,,,,,,
GH0701,"Good night, everybody.",Family & Home,statement,3,short,,,,,,
GH0702,Record the announcement and send it to the group.,Phone & Technology,request_or_command,9,medium,,,,,,
GH0703,The gutter in front of our house is choked.,Weather & Environment,statement,9,medium,,,,,,
GH0704,Follow this road.,Directions & Places,request_or_command,3,short,,,,,,
GH0705,"During deaf awareness week, we go to schools and teach people about sign language.","Church, Mosque & Community",statement,14,long,,,,,,
GH0706,The durbar is tomorrow.,"Church, Mosque & Community",statement,4,short,,,,,,
GH0707,My mother is preparing fufu and light soup.,Food & Eating,statement,8,medium,,,,,,
GH0708,Are your parents deaf?,Deaf Identity & Communication,question,4,short,,,,,,
GH0709,Please keep it for me until I return.,Market & Shopping,request_or_command,8,medium,,,,,,
GH0710,I do not know this place.,Directions & Places,statement,6,medium,,,,,,
GH0711,"Iron my shirt for me, please.",Family & Home,statement,6,medium,,,,,,
GH0712,I went for the interview last week and they said they will call me later.,Work & Business,statement,15,long,,,,,,
GH0713,"If you are travelling tomorrow, please message me when you arrive safely.",Transport & Travel,statement,12,long,,,,,,
GH0714,Are you full?,Family & Home,question,3,short,,,,,,
GH0715,I remember your face.,Introductions & Small Talk,statement,4,short,,,,,,
GH0716,Can you wait for me at the junction until I finish at the office?,Requests & Everyday Actions,question,14,long,,,,,,
GH0717,Ask him whether he is coming or not.,Requests & Everyday Actions,request_or_command,8,medium,,,,,,
GH0718,"It was good to see you today, but next time please come earlier.",Greetings & Farewells,statement,13,long,,,,,,
GH0719,I like watching football.,Introductions & Small Talk,statement,4,short,,,,,,
GH0720,We are stuck in traffic.,Transport & Travel,statement,5,short,,,,,,
GH0721,I am grateful for all the help you gave me.,Feelings & Opinions,statement,10,medium,,,,,,
GH0722,"The video had no captions, so all the deaf viewers missed the information.",Phone & Technology,statement,13,long,,,,,,
GH0723,Is the baby sleeping?,Family & Home,question,4,short,,,,,,
GH0724,I moved to Kumasi because of my work.,Introductions & Small Talk,statement,8,medium,,,,,,
GH0725,Copy the notes.,School & Education,statement,3,short,,,,,,
GH0726,The fish is not fresh.,Market & Shopping,statement,5,short,,,,,,
GH0727,The programme starts at nine.,Time & Plans,statement,5,short,,,,,,
GH0728,I work on Saturdays too.,Work & Business,statement,5,short,,,,,,
GH0729,Please write down whatever they discuss at home so that I also know.,Family & Home,request_or_command,13,long,,,,,,
GH0730,Save small money every week for emergencies.,Money & Mobile Money,request_or_command,7,medium,,,,,,
GH0731,Somebody is using a fake account to cheat people.,Money & Mobile Money,statement,9,medium,,,,,,
GH0732,I work as a tailor in a small shop.,Work & Business,statement,9,medium,,,,,,
GH0733,I am an apprentice.,Work & Business,statement,4,short,,,,,,
GH0734,"Please talk to me, not to the person who came with me.",Deaf Identity & Communication,request_or_command,12,long,,,,,,
GH0735,What is the WiFi password?,Phone & Technology,question,5,short,,,,,,
GH0736,"If you are coming tomorrow, please arrive before ten so that we can finish early.",Time & Plans,statement,15,long,,,,,,
GH0737,Do you read lips?,Deaf Identity & Communication,question,4,short,,,,,,
GH0738,"Wrap it for me, please.",Market & Shopping,request_or_command,5,short,,,,,,
GH0739,We met at the association meeting.,Introductions & Small Talk,statement,6,medium,,,,,,
GH0740,The meeting has been cancelled.,"Church, Mosque & Community",statement,5,short,,,,,,
GH0741,The nurse was patient and wrote all the instructions down on a piece of paper.,Health & Hospital,statement,15,long,,,,,,
GH0742,Please carry the baby for me small.,Family & Home,request_or_command,7,medium,,,,,,
GH0743,The baby needs vaccination.,Health & Hospital,statement,4,short,,,,,,
GH0744,Captions are very important for deaf viewers.,Phone & Technology,statement,7,medium,,,,,,
GH0745,Work starts at eight.,Work & Business,statement,4,short,,,,,,
GH0746,"I am lost, I do not know this area.",Directions & Places,statement,9,medium,,,,,,
GH0747,I learned this trade from my master for three years.,Work & Business,statement,10,medium,,,,,,
GH0748,Answer my video call.,Phone & Technology,request_or_command,4,short,,,,,,
GH0749,The farmers are worried because the rains came very late this year.,Weather & Environment,statement,12,long,,,,,,
GH0750,Open it.,Requests & Everyday Actions,request_or_command,2,short,,,,,,
GH0751,It is cold in the morning these days.,Weather & Environment,statement,8,medium,,,,,,
GH0752,I am going to the mosque.,"Church, Mosque & Community",statement,6,medium,,,,,,
GH0753,"I am going to Circle, is this car going there?",Transport & Travel,question,10,medium,,,,,,
GH0754,My condolences to the family.,"Church, Mosque & Community",statement,5,short,,,,,,
GH0755,Captions help deaf people.,Phone & Technology,statement,4,short,,,,,,
GH0756,Explain it slowly so I can understand.,Requests & Everyday Actions,request_or_command,7,medium,,,,,,
GH0757,Please send me the message on WhatsApp instead.,Phone & Technology,request_or_command,8,medium,,,,,,
GH0758,I lost my job.,Work & Business,statement,4,short,,,,,,
GH0759,This is my father.,Family & Home,statement,4,short,,,,,,
GH0760,I will be there in about thirty minutes.,Time & Plans,statement,8,medium,,,,,,
GH0761,I have paid the debt.,Money & Mobile Money,statement,5,short,,,,,,
GH0762,Did you lock the door?,Requests & Everyday Actions,question,5,short,,,,,,
GH0763,I am fed up.,Feelings & Opinions,statement,4,short,,,,,,
GH0764,The association office is behind the big church near the main road.,Directions & Places,statement,12,long,,,,,,
GH0765,How much did you pay for that cloth when you bought it at Makola?,Market & Shopping,question,14,long,,,,,,
GH0766,Call me when you are ready.,Time & Plans,request_or_command,6,medium,,,,,,
GH0767,Is there an interpreter at the hospital?,Health & Hospital,question,7,medium,,,,,,
GH0768,I am a member of the deaf association.,Deaf Identity & Communication,statement,8,medium,,,,,,
GH0769,Please wash the plates and sweep the room before our visitors arrive this evening.,Family & Home,request_or_command,14,long,,,,,,
GH0770,"Do not go yet, we have not finished talking.",Greetings & Farewells,request_or_command,9,medium,,,,,,
GH0771,I want to eat banku with okro stew today.,Food & Eating,statement,9,medium,,,,,,
GH0772,The fare has increased.,Money & Mobile Money,statement,4,short,,,,,,
GH0773,Did you receive the money?,Money & Mobile Money,question,5,short,,,,,,
GH0774,I am angry.,Feelings & Opinions,statement,3,short,,,,,,
GH0775,Move to the light so I can see you.,Deaf Identity & Communication,request_or_command,9,medium,,,,,,
GH0776,"No, thank you, I am fine.",Food & Eating,statement,6,medium,,,,,,
GH0777,Buy data bundle.,Phone & Technology,request_or_command,3,short,,,,,,
GH0778,I attended the school for the deaf.,Introductions & Small Talk,statement,7,medium,,,,,,
GH0779,"When my father returns from work, tell him that the landlord came looking for him.",Family & Home,statement,15,long,,,,,,
GH0780,She was disappointed that the meeting was cancelled.,Feelings & Opinions,statement,8,medium,,,,,,
GH0781,I cannot see the board from here.,School & Education,statement,7,medium,,,,,,
GH0782,The food at that chop bar is good but the place is always crowded at noon.,Food & Eating,statement,16,long,,,,,,
GH0783,Can you bring the price down?,Market & Shopping,question,6,medium,,,,,,
GH0784,Sit down and eat with us.,Family & Home,request_or_command,6,medium,,,,,,
GH0785,It is ten o'clock.,Time & Plans,statement,4,short,,,,,,
GH0786,"If the traffic is heavy, I will be about thirty minutes late for the meeting.",Transport & Travel,statement,15,long,,,,,,
GH0787,"If the network is bad, we will video call again later in the evening.",Phone & Technology,statement,14,long,,,,,,
GH0788,"When people take time to write things down for me, I feel respected.",Feelings & Opinions,statement,13,long,,,,,,
GH0789,We will meet next week.,Time & Plans,statement,5,short,,,,,,
GH0790,This video has no captions.,Phone & Technology,statement,5,short,,,,,,
GH0791,Who is the secretary?,"Church, Mosque & Community",question,4,short,,,,,,
GH0792,Please buy me kelewele on your way home.,Food & Eating,request_or_command,8,medium,,,,,,
GH0793,Did you finish your homework?,School & Education,question,5,short,,,,,,
GH0794,The service starts at nine on Sunday morning.,"Church, Mosque & Community",statement,8,medium,,,,,,
GH0795,My sign name comes from the mark on my face.,Introductions & Small Talk,statement,10,medium,,,,,,
GH0796,"I have not seen you since the deaf camp last year, how have you been?",Greetings & Farewells,question,15,long,,,,,,
GH0797,Be patient.,Feelings & Opinions,request_or_command,2,short,,,,,,
GH0798,She was disappointed when the meeting was cancelled without any explanation.,Feelings & Opinions,statement,11,long,,,,,,
GH0799,It is very hot today.,Weather & Environment,statement,5,short,,,,,,
GH0800,Please switch off the light when you leave.,Requests & Everyday Actions,request_or_command,8,medium,,,,,,
GH0801,I am tired after work.,Work & Business,statement,5,short,,,,,,
GH0802,Buy data bundle so that we can video call without the picture freezing.,Phone & Technology,request_or_command,13,long,,,,,,
GH0803,"Well done, keep it up.",Work & Business,statement,5,short,,,,,,
GH0804,The drink is cold.,Food & Eating,statement,4,short,,,,,,
GH0805,My small brother is in school.,Family & Home,statement,6,medium,,,,,,
GH0806,I am going to Makola market to buy cloth.,Market & Shopping,statement,9,medium,,,,,,
GH0807,Can we video call now?,Phone & Technology,question,5,short,,,,,,
GH0808,Teach your children sign language.,Deaf Identity & Communication,request_or_command,5,short,,,,,,
GH0809,Do not self medicate.,Health & Hospital,request_or_command,4,short,,,,,,
GH0810,Buy two sachets of water for me because the weather is very hot today.,Food & Eating,request_or_command,14,long,,,,,,
GH0811,I missed the announcement because nobody wrote it down or signed it for me.,Deaf Identity & Communication,statement,14,long,,,,,,
GH0812,Please message me in the evening so that we can agree on the time.,Time & Plans,request_or_command,14,long,,,,,,
GH0813,Every day I wake up at five.,Time & Plans,statement,7,medium,,,,,,
GH0814,The harmattan has started.,Weather & Environment,statement,4,short,,,,,,
GH0815,I always write the price on paper when shopping.,Market & Shopping,statement,9,medium,,,,,,
GH0816,He came all the way from Tamale just to attend the deaf association meeting.,Transport & Travel,statement,14,long,,,,,,
GH0817,I did not see your message until this morning.,Phone & Technology,statement,9,medium,,,,,,
GH0818,Vacation starts next Friday.,School & Education,statement,4,short,,,,,,
GH0819,"If you are going to town tomorrow, buy me a new phone case.",Market & Shopping,statement,13,long,,,,,,
GH0820,Look at this.,Requests & Everyday Actions,request_or_command,3,short,,,,,,
GH0821,I am hard of hearing.,Deaf Identity & Communication,statement,5,short,,,,,,
GH0822,Thank you very much.,Feelings & Opinions,statement,4,short,,,,,,
GH0823,We are contributing fifty cedis each to support the family during the funeral.,Money & Mobile Money,statement,13,long,,,,,,
GH0824,Where is the station?,Transport & Travel,question,4,short,,,,,,
GH0825,Why did you not go to the clinic earlier?,Health & Hospital,question,9,medium,,,,,,
GH0826,The rains came late this year.,Weather & Environment,statement,6,medium,,,,,,
GH0827,The school fees are due at the end of the month.,Money & Mobile Money,statement,11,long,,,,,,
GH0828,Turn down the fire.,Food & Eating,request_or_command,4,short,,,,,,
GH0829,Please show me the way.,Directions & Places,request_or_command,5,short,,,,,,
GH0830,Can you add me to the group?,Phone & Technology,question,7,medium,,,,,,
GH0831,My wife is cooking.,Family & Home,statement,4,short,,,,,,
GH0832,Hold the phone steady so I can see you sign.,Phone & Technology,request_or_command,10,medium,,,,,,
GH0833,The office is upstairs.,Directions & Places,statement,4,short,,,,,,
GH0834,Did you sleep well last night?,Greetings & Farewells,question,6,medium,,,,,,
GH0835,Let us finish the shopping quickly before the rain starts in the afternoon.,Market & Shopping,request_or_command,13,long,,,,,,
GH0836,We always write on the phone when there is no interpreter.,Phone & Technology,statement,11,long,,,,,,
GH0837,Ring the bell.,Directions & Places,statement,3,short,,,,,,
GH0838,The fees are not paid yet.,Money & Mobile Money,statement,6,medium,,,,,,
GH0839,Why did nobody write down the announcement for the deaf members at the meeting?,Deaf Identity & Communication,question,14,long,,,,,,
GH0840,Drink plenty of water.,Health & Hospital,request_or_command,4,short,,,,,,
GH0841,The deaf association meets on the last Saturday of every month at the community centre.,"Church, Mosque & Community",statement,15,long,,,,,,
GH0842,Do you think we should go back to the hospital if the fever continues?,Health & Hospital,question,14,long,,,,,,
GH0843,School starts at seven thirty.,School & Education,statement,5,short,,,,,,
GH0844,He started repairing phones after he finished school and now he trains other deaf boys.,Work & Business,statement,15,long,,,,,,
GH0845,"Business has been slow since January, but I believe it will improve before Christmas.",Work & Business,statement,14,long,,,,,,
GH0846,Why did you not tell me earlier that the programme had been postponed?,Time & Plans,question,13,long,,,,,,
GH0847,Buy data bundle so we can chat properly.,Phone & Technology,request_or_command,8,medium,,,,,,
GH0848,"Our house is the third one after the junction, with a green gate in front.",Directions & Places,statement,15,long,,,,,,
GH0849,Do you want us to video call this evening when the network is better?,Phone & Technology,question,14,long,,,,,,
GH0850,I have been living in Accra for five years.,Introductions & Small Talk,statement,9,medium,,,,,,
GH0851,We have an examination next week.,School & Education,statement,6,medium,,,,,,
GH0852,We are contributing money to support the family.,"Church, Mosque & Community",statement,8,medium,,,,,,
GH0853,I am proud of you.,Feelings & Opinions,statement,5,short,,,,,,
GH0854,Give me a receipt.,Money & Mobile Money,request_or_command,4,short,,,,,,
GH0855,I am still cooking.,Food & Eating,statement,4,short,,,,,,
GH0856,I heard about you from my sister.,Introductions & Small Talk,statement,7,medium,,,,,,
GH0857,We are going to the village next month.,Family & Home,statement,8,medium,,,,,,
GH0858,I do not eat meat.,Food & Eating,statement,5,short,,,,,,
GH0859,Is there an interpreter here?,Deaf Identity & Communication,question,5,short,,,,,,
GH0860,The choir is singing.,"Church, Mosque & Community",statement,4,short,,,,,,
GH0861,I cannot see the board from where I am sitting.,School & Education,statement,10,medium,,,,,,
GH0862,We are going back to school on Monday.,School & Education,statement,8,medium,,,,,,
GH0863,Help me carry these bags into the room before the rain starts.,Requests & Everyday Actions,request_or_command,12,long,,,,,,
GH0864,Some employers do not want to hire deaf people.,Work & Business,statement,9,medium,,,,,,
GH0865,I sent you a message.,Phone & Technology,statement,5,short,,,,,,
GH0866,"Before you go, let me give you the money for your transport.",Greetings & Farewells,statement,12,long,,,,,,
GH0867,The interpreter is late.,Deaf Identity & Communication,statement,4,short,,,,,,
GH0868,Do you have money?,Money & Mobile Money,question,4,short,,,,,,
GH0869,I will go home to my family during vacation.,School & Education,statement,9,medium,,,,,,
GH0870,I am at the university.,School & Education,statement,5,short,,,,,,
GH0871,"Last year we held the programme in March, but this year it is in June.",Time & Plans,statement,15,long,,,,,,
GH0872,I saved some money this month.,Money & Mobile Money,statement,6,medium,,,,,,
GH0873,I will meet you there.,Directions & Places,statement,5,short,,,,,,
GH0874,My sister is older than me.,Family & Home,statement,6,medium,,,,,,
GH0875,Let us go to the chop bar.,Food & Eating,request_or_command,7,medium,,,,,,
GH0876,See you tomorrow.,Greetings & Farewells,request_or_command,3,short,,,,,,
GH0877,Please tell the nurse that I am a deaf patient.,Health & Hospital,request_or_command,10,medium,,,,,,
GH0878,Some employers refuse to hire deaf people because they think communication will be a problem.,Work & Business,statement,15,long,,,,,,
GH0879,What do you think about it?,Feelings & Opinions,question,6,medium,,,,,,
GH0880,"When there are no captions on a video, deaf viewers are completely left out.",Deaf Identity & Communication,statement,14,long,,,,,,
GH0881,Take the medicine three times a day.,Health & Hospital,request_or_command,7,medium,,,,,,
GH0882,Go and fetch water before the light goes off.,Family & Home,request_or_command,9,medium,,,,,,
GH0883,"If you learn even a few signs, it will help you communicate with deaf customers.",Deaf Identity & Communication,statement,15,long,,,,,,
GH0884,"The transaction failed twice, so please try again when the network is better.",Money & Mobile Money,statement,13,long,,,,,,
GH0885,I am standing near the entrance of the market.,Directions & Places,statement,9,medium,,,,,,
GH0886,Show me the sign again.,Deaf Identity & Communication,request_or_command,5,short,,,,,,
GH0887,"Keep the key in your pocket, do not lose it.",Requests & Everyday Actions,request_or_command,10,medium,,,,,,
GH0888,Sign the contract before you start.,Work & Business,request_or_command,6,medium,,,,,,
GH0889,"The trader did not understand my signs, so I typed the amount on my phone.",Market & Shopping,statement,15,long,,,,,,
GH0890,I am surprised.,Feelings & Opinions,statement,3,short,,,,,,
GH0891,The moon is bright tonight.,Weather & Environment,statement,5,short,,,,,,
GH0892,Message me when you are on your way.,Time & Plans,statement,8,medium,,,,,,
GH0893,My name is Kofi.,Introductions & Small Talk,statement,4,short,,,,,,
GH0894,I was late to work.,Work & Business,statement,5,short,,,,,,
GH0895,That is my mother.,Family & Home,statement,4,short,,,,,,
GH0896,Our teacher signs very clearly in class.,School & Education,statement,7,medium,,,,,,
GH0897,Have a nice day.,Greetings & Farewells,statement,4,short,,,,,,
GH0898,It is the third house after the junction.,Directions & Places,statement,8,medium,,,,,,
GH0899,Record it and send it to me.,Phone & Technology,request_or_command,7,medium,,,,,,
GH0900,"The network is bad, try again.",Money & Mobile Money,statement,6,medium,,,,,,
GH0901,Lock the door.,Family & Home,request_or_command,3,short,,,,,,
GH0902,She was the best student in our class and she won a prize at the end of term.,School & Education,statement,18,long,,,,,,
GH0903,"If you send the money through mobile money today, I will receive it immediately.",Money & Mobile Money,statement,14,long,,,,,,
GH0904,We were waiting for you since morning.,Greetings & Farewells,statement,7,medium,,,,,,
GH0905,She has been feeling weak since last week and her body is always hot.,Health & Hospital,statement,14,long,,,,,,
GH0906,The house has a green roof.,Directions & Places,statement,6,medium,,,,,,
GH0907,Take this letter to the office for me.,Requests & Everyday Actions,request_or_command,8,medium,,,,,,
GH0908,Please sign again.,Deaf Identity & Communication,request_or_command,3,short,,,,,,
GH0909,"When you finish eating, wash your hands and take the bowls to the kitchen.",Food & Eating,statement,14,long,,,,,,
GH0910,I do not have money.,Money & Mobile Money,statement,5,short,,,,,,
GH0911,Remind me tomorrow.,Requests & Everyday Actions,request_or_command,3,short,,,,,,
GH0912,My brother is sleeping because he worked all night.,Family & Home,statement,9,medium,,,,,,
GH0913,My trip was fine.,Greetings & Farewells,statement,4,short,,,,,,
GH0914,I will take a taxi because I am late.,Transport & Travel,statement,9,medium,,,,,,
GH0915,I will be late because of traffic.,Transport & Travel,statement,7,medium,,,,,,
GH0916,The workshop opens at eight in the morning and closes at six in the evening.,Work & Business,statement,15,long,,,,,,
GH0917,Who is going to stay with the children while we are at the funeral?,Family & Home,question,14,long,,,,,,
GH0918,Are you dropping here?,Transport & Travel,question,4,short,,,,,,
GH0919,Why does that channel never put captions on any of their videos?,Phone & Technology,question,12,long,,,,,,
GH0920,My table is in front of the bank.,Market & Shopping,statement,8,medium,,,,,,
GH0921,Look left and right before crossing.,Transport & Travel,request_or_command,6,medium,,,,,,
GH0922,Last week I was sick.,Time & Plans,statement,5,short,,,,,,
GH0923,The bus to Kumasi leaves at six.,Transport & Travel,statement,7,medium,,,,,,
GH0924,She gave birth yesterday.,Health & Hospital,statement,4,short,,,,,,
GH0925,"My screen is cracked, but I will take the phone for repair on Saturday.",Phone & Technology,statement,14,long,,,,,,
GH0926,I tapped the driver on the shoulder because he did not know that I am deaf.,Transport & Travel,statement,16,long,,,,,,
GH0927,I write notes to communicate with my colleagues.,Work & Business,statement,8,medium,,,,,,
GH0928,It is good to see you again after so long.,Greetings & Farewells,statement,10,medium,,,,,,
GH0929,Give me my balance.,Market & Shopping,request_or_command,4,short,,,,,,
GH0930,"Bye, see you.",Greetings & Farewells,statement,3,short,,,,,,
GH0931,"Thank you, boss.",Market & Shopping,statement,3,short,,,,,,
GH0932,How long will it take?,Time & Plans,question,5,short,,,,,,
GH0933,"If the car comes early, we will reach Kumasi before it gets dark.",Time & Plans,statement,13,long,,,,,,
GH0934,Can you come with me to the office tomorrow?,Requests & Everyday Actions,question,9,medium,,,,,,
GH0935,The tomatoes in the market are very expensive now.,Market & Shopping,statement,9,medium,,,,,,
GH0936,Let us meet at four o'clock in the afternoon.,Time & Plans,request_or_command,9,medium,,,,,,
GH0937,Where is your mother?,Family & Home,question,4,short,,,,,,
GH0938,I have not eaten since morning because I was busy at the workshop all day.,Food & Eating,statement,15,long,,,,,,
GH0939,"It is a scam, do not send money.",Money & Mobile Money,statement,8,medium,,,,,,
GH0940,Who died?,"Church, Mosque & Community",question,2,short,,,,,,
GH0941,Sign language should be taught in every school.,Deaf Identity & Communication,request_or_command,8,medium,,,,,,
GH0942,She gave birth to a baby boy last night.,Health & Hospital,statement,9,medium,,,,,,
GH0943,Give me the price for the job.,Work & Business,request_or_command,7,medium,,,,,,
GH0944,I am deaf.,Deaf Identity & Communication,statement,3,short,,,,,,
GH0945,Send me the picture.,Phone & Technology,request_or_command,4,short,,,,,,
GH0946,Sleep under the net so you do not get malaria.,Weather & Environment,request_or_command,10,medium,,,,,,
GH0947,The farmers are waiting for the rain to come.,Weather & Environment,statement,9,medium,,,,,,
GH0948,I ate too much.,Food & Eating,statement,4,short,,,,,,
GH0949,It is opposite the school.,Directions & Places,statement,5,short,,,,,,
GH0950,I use sign language.,Deaf Identity & Communication,statement,4,short,,,,,,
GH0951,I have been a member of this group since I finished school in twenty eighteen.,Introductions & Small Talk,statement,15,long,,,,,,
GH0952,We work together.,Introductions & Small Talk,statement,3,short,,,,,,
GH0953,Eat with your right hand.,Food & Eating,request_or_command,5,short,,,,,,
GH0954,"The trader did not understand me, so I wrote it down.",Market & Shopping,statement,11,long,,,,,,
GH0955,The deaf association meets on the last Saturday of the month.,"Church, Mosque & Community",statement,11,long,,,,,,
GH0956,I am studying for the exam.,School & Education,statement,6,medium,,,,,,
GH0957,You are signing too fast.,Deaf Identity & Communication,statement,5,short,,,,,,
GH0958,When will you come and visit us again?,Greetings & Farewells,question,8,medium,,,,,,
GH0959,She sells at Kejetia market.,Market & Shopping,statement,5,short,,,,,,
GH0960,"Do it yourself, you are old enough now.",Requests & Everyday Actions,request_or_command,8,medium,,,,,,
GH0961,My skin is dry because of the harmattan.,Weather & Environment,statement,8,medium,,,,,,
GH0962,Please write it on the board.,School & Education,request_or_command,6,medium,,,,,,
GH0963,The doctor gave me medicine for three days.,Health & Hospital,statement,8,medium,,,,,,
GH0964,Send me a photo of the document.,Phone & Technology,request_or_command,7,medium,,,,,,
GH0965,Look for me beside the blue kiosk.,Directions & Places,request_or_command,7,medium,,,,,,
GH0966,I arrived last night.,Transport & Travel,statement,4,short,,,,,,
GH0967,"If you need anything while you are here, please ask me or my sister.",Introductions & Small Talk,statement,14,long,,,,,,
GH0968,I was born in Kumasi but my family moved to Accra when I was small.,Introductions & Small Talk,statement,15,long,,,,,,
GH0969,When will you be back from the village?,Time & Plans,question,8,medium,,,,,,
GH0970,She sells second hand clothes near the station.,Market & Shopping,statement,8,medium,,,,,,
GH0971,I will show him where to stop.,Transport & Travel,statement,7,medium,,,,,,
GH0972,They are fixing the road.,Transport & Travel,statement,5,short,,,,,,
GH0973,The assignment is due tomorrow.,School & Education,statement,5,short,,,,,,
GH0974,We met last year at the deaf youth camp.,Introductions & Small Talk,statement,9,medium,,,,,,
GH0975,Tell him I am deaf.,Deaf Identity & Communication,request_or_command,5,short,,,,,,
GH0976,The farm needs rain.,Weather & Environment,statement,4,short,,,,,,
GH0977,He had an accident and broke his leg.,Health & Hospital,statement,8,medium,,,,,,
GH0978,How long have you been feeling this pain in your stomach?,Health & Hospital,question,11,long,,,,,,
GH0979,I am broke this week.,Money & Mobile Money,statement,5,short,,,,,,
GH0980,Move small for me to sit.,Transport & Travel,request_or_command,6,medium,,,,,,
GH0981,I have been waiting here since morning.,Time & Plans,statement,7,medium,,,,,,
GH0982,I bought it at Makola.,Market & Shopping,statement,5,short,,,,,,
GH0983,He is worried about his mother because she has been sick for a long time.,Feelings & Opinions,statement,15,long,,,,,,
GH0984,I am in junior high school.,School & Education,statement,6,medium,,,,,,
GH0985,The chief has called a meeting and everybody in the community must attend.,"Church, Mosque & Community",statement,13,long,,,,,,
GH0986,"Be patient, everything will be fine in the end.",Feelings & Opinions,request_or_command,9,medium,,,,,,
GH0987,"Please do not be angry, it was a mistake.",Feelings & Opinions,request_or_command,9,medium,,,,,,
GH0988,The price of everything has gone up this year.,Market & Shopping,statement,9,medium,,,,,,
GH0989,We have been living in this house for ten years.,Family & Home,statement,10,medium,,,,,,
GH0990,We are saving money to repair the roof before the rainy season starts.,Family & Home,statement,13,long,,,,,,
GH0991,Are you the one who came yesterday?,Greetings & Farewells,question,7,medium,,,,,,
GH0992,Do you have change?,Market & Shopping,question,4,short,,,,,,
GH0993,Take an umbrella with you because the sky has been dark since morning.,Weather & Environment,request_or_command,13,long,,,,,,
GH0994,Which car goes to Circle?,Transport & Travel,question,5,short,,,,,,
GH0995,Is it going to rain?,Weather & Environment,question,5,short,,,,,,
GH0996,The fare from here to Kaneshie is seven cedis.,Transport & Travel,statement,9,medium,,,,,,
GH0997,Let us clean the compound.,Weather & Environment,request_or_command,5,short,,,,,,
GH0998,The customer is waiting.,Work & Business,statement,4,short,,,,,,
GH0999,The fish is fresh.,Food & Eating,statement,4,short,,,,,,
GH1000,Are the children back from school yet?,Family & Home,question,7,medium,,,,,,
